<types>	
	<simpleType name="string"/>
	<simpleType name="boolean"/>
	<simpleType name="float"/>
	<simpleType name="double"/>
	<simpleType name="decimal"/>
	<simpleType name="dateTime"/>
	<simpleType name="duration"/>
	<simpleType name="hexBinary"/>
	<simpleType name="base64Binary"/>
	<simpleType name="anyURI"/>
	<simpleType name="ID"/>
	<simpleType name="IDREF"/>
	<simpleType name="ENTITY"/>
	<simpleType name="NOTATION"/>
	<simpleType name="normalizedString"/>
	<simpleType name="token"/>
	<simpleType name="language"/>
	<simpleType name="IDREFS"/>
	<simpleType name="ENTITIES"/>
	<simpleType name="NMTOKEN"/>
	<simpleType name="NMTOKENS"/>
	<simpleType name="Name"/>
	<simpleType name="QName"/>
	<simpleType name="NCName"/>
	<simpleType name="integer"/>
	<simpleType name="nonNegativeInteger"/>
	<simpleType name="positiveInteger"/>
	<simpleType name="nonPositiveInteger"/>
	<simpleType name="negativeInteger"/>
	<simpleType name="byte"/>
	<simpleType name="int"/>
	<simpleType name="long"/>
	<simpleType name="short"/>
	<simpleType name="unsignedByte"/>
	<simpleType name="unsignedInt"/>
	<simpleType name="unsignedLong"/>
	<simpleType name="unsignedShort"/>
	<simpleType name="date"/>
	<simpleType name="time"/>
	<simpleType name="gYearMonth"/>
	<simpleType name="gYear"/>
	<simpleType name="gMonthDay"/>
	<simpleType name="gDay"/>
	<simpleType name="gMonth"/>
</types>