<?xml version="1.0" encoding="UTF-8"?>
<ps_db>
  <part price="2000.0" colour="red" pno="100" />
  <part price="2000.0" colour="red" pno="101" />
  <part price="11.0" colour="yellow" pno="102" />
  <supplier sno="20I" town="London">
    <name>I electronics</name>
    <supplies>100</supplies>
    <supplies>102</supplies>
  </supplier>
  <supplier sno="50J" town="Oslo">
    <name>J &amp; S</name>
    <supplies>100</supplies>
    <supplies>101</supplies>
  </supplier>
  <supplier sno="63H" town="Paris">
    <name>&lt;HTML&gt; SA</name>
  </supplier>
</ps_db>

